USE Farm_Management_Shevchenko;
GO

INSERT INTO BRIGADE (brigade_id, foreman_first_name, foreman_last_name, foreman_patronymic, formation_date) VALUES
(1, 'Іван', 'Коваленко', 'Петрович', '2010-03-15'),
(2, 'Михайло', 'Бондаренко', 'Іванович', '2012-06-20'),
(3, 'Олег', 'Кравченко', 'Миколайович', '2008-11-05'),
(4, 'Василь', 'Мельниченко', 'Олексійович', '2015-01-10'),
(5, 'Сергій', 'Гончаренко', 'Васильович', '2011-07-22'),
(6, 'Андрій', 'Шевченко', 'Григорович', '2009-04-18'),
(7, 'Петро', 'Лисенко', 'Андрійович', '2013-09-30'),
(8, 'Микола', 'Савченко', 'Федорович', '2016-02-14'),
(9, 'Олександр', 'Тимченко', 'Степанович', '2007-12-01'),
(10, 'Юрій', 'Марченко', 'Юрійович', '2014-05-25');

INSERT INTO CROP (crop_id, crop_name, average_yield, requires_irrigation, growing_season_days) VALUES
(1, 'Пшениця озима', 45.50, 0, 280),
(2, 'Кукурудза', 72.30, 1, 120),
(3, 'Соняшник', 28.00, 0, 110),
(4, 'Ячмінь', 38.20, 0, 90),
(5, 'Соя', 22.50, 1, 130),
(6, 'Цукровий буряк', 420.00, 1, 160),
(7, 'Ріпак озимий', 32.00, 0, 270),
(8, 'Горох', 25.80, 0, 80),
(9, 'Картопля', 280.00, 1, 100),
(10, 'Просо', 18.50, 0, 100);

INSERT INTO FERTILIZER (fertilizer_id, fertilizer_name, fertilizer_type, nitrogen_percent, phosphorus_percent, potassium_percent, application_rate) VALUES
(1, 'Аміачна селітра', 'Азотне', 34.00, 0.00, 0.00, 150.00),
(2, 'Суперфосфат', 'Фосфорне', 0.00, 20.00, 0.00, 200.00),
(3, 'Калій хлористий', 'Калійне', 0.00, 0.00, 60.00, 100.00),
(4, 'Нітроамофоска', 'Комплексне', 16.00, 16.00, 16.00, 250.00),
(5, 'Карбамід', 'Азотне', 46.00, 0.00, 0.00, 120.00),
(6, 'Діамофоска', 'Комплексне', 10.00, 26.00, 26.00, 180.00),
(7, 'Суперфосфат подвійний', 'Фосфорне', 0.00, 46.00, 0.00, 120.00),
(8, 'Калімагнезія', 'Калійне', 0.00, 0.00, 28.00, 130.00),
(9, 'Аміак рідкий', 'Азотне', 82.00, 0.00, 0.00, 80.00),
(10, 'Гній перепрілий', 'Органічне', 0.50, 0.25, 0.60, 30000.00);

INSERT INTO LAND_PLOT (plot_id, area, has_irrigation, soil_quality_index, brigade_id, crop_id) VALUES
(1, 45.50, 1, 8.2, 1, 2),
(2, 32.00, 0, 7.5, 1, 1),
(3, 28.75, 1, 9.0, 2, 6),
(4, 55.20, 0, 6.8, 2, 3),
(5, 40.00, 1, 8.5, 3, 5),
(6, 22.30, 0, 7.2, 3, 4),
(7, 18.00, 0, 6.5, 4, 8),
(8, 63.40, 1, 9.1, 4, 9),
(9, 35.80, 0, 7.8, 5, 7),
(10, 29.60, 1, 8.7, 5, 2),
(11, 41.20, 0, 7.0, 6, 1),
(12, 17.50, 0, 6.3, 6, 10),
(13, 52.00, 1, 8.9, 7, 6),
(14, 38.75, 0, 7.6, 7, 3),
(15, 26.40, 1, 8.4, 8, 5),
(16, 44.10, 0, 7.1, 8, 4),
(17, 31.20, 1, 8.8, 9, 2),
(18, 19.80, 0, 6.9, 9, 8),
(19, 58.30, 1, 9.2, 10, 9),
(20, 23.50, 0, 7.4, 10, 7),
(21, 47.00, 1, 8.6, 1, 6),
(22, 33.60, 0, 7.3, 2, 1),
(23, 25.90, 1, 8.1, 3, 2),
(24, 42.80, 0, 6.7, 4, 3),
(25, 36.50, 1, 8.3, 5, 5),
(26, 20.70, 0, 7.0, 6, 4),
(27, 54.20, 1, 9.0, 7, 9),
(28, 30.10, 0, 7.7, 8, 1),
(29, 16.80, 0, 6.4, 9, 10),
(30, 48.60, 1, 8.5, 10, 6),
(31, 27.30, 0, 7.2, 1, 7),
(32, 39.40, 1, 8.9, 2, 2),
(33, 22.10, 0, 6.8, 3, 8),
(34, 60.50, 1, 9.3, 4, 6),
(35, 34.20, 0, 7.5, 5, 3),
(36, 21.80, 1, 8.2, 6, 5),
(37, 46.70, 0, 7.0, 7, 1),
(38, 28.90, 1, 8.6, 8, 2),
(39, 18.50, 0, 6.6, 9, 4),
(40, 51.30, 1, 9.1, 10, 9),
(41, 37.60, 0, 7.4, 1, 3),
(42, 24.40, 1, 8.3, 2, 6),
(43, 43.20, 0, 7.1, 3, 1),
(44, 15.90, 0, 6.2, 4, 8),
(45, 56.80, 1, 8.8, 5, 2),
(46, 32.70, 0, 7.6, 6, 7),
(47, 19.40, 1, 8.1, 7, 5),
(48, 49.10, 0, 7.3, 8, 3),
(49, 26.60, 1, 8.7, 9, 6),
(50, 38.00, 0, 7.0, 10, 1),
(51, 44.50, 1, 8.4, 1, 9),
(52, 23.20, 0, 6.9, 2, 4),
(53, 31.80, 1, 8.2, 3, 2),
(54, 57.40, 0, 7.8, 4, 3),
(55, 20.30, 1, 8.5, 5, 5),
(56, 42.60, 0, 7.2, 6, 1),
(57, 29.50, 1, 8.9, 7, 6),
(58, 17.20, 0, 6.5, 8, 10),
(59, 53.10, 1, 9.0, 9, 2),
(60, 36.80, 0, 7.6, 10, 7),
(61, 25.70, 1, 8.3, 1, 5),
(62, 47.30, 0, 7.1, 2, 3),
(63, 33.90, 1, 8.7, 3, 6),
(64, 21.40, 0, 6.7, 4, 1),
(65, 59.20, 1, 9.2, 5, 9),
(66, 28.10, 0, 7.4, 6, 4),
(67, 40.60, 1, 8.6, 7, 2),
(68, 16.50, 0, 6.3, 8, 8),
(69, 50.80, 1, 8.8, 9, 6),
(70, 35.40, 0, 7.5, 10, 3),
(71, 22.90, 1, 8.1, 1, 5),
(72, 45.70, 0, 7.3, 2, 1),
(73, 30.60, 1, 8.4, 3, 2),
(74, 18.30, 0, 6.6, 4, 7),
(75, 62.00, 1, 9.1, 5, 6),
(76, 27.80, 0, 7.0, 6, 3),
(77, 41.50, 1, 8.5, 7, 9),
(78, 24.10, 0, 6.8, 8, 4),
(79, 55.60, 1, 8.9, 9, 2),
(80, 32.40, 0, 7.7, 10, 1),
(81, 19.70, 1, 8.2, 1, 6),
(82, 48.20, 0, 7.2, 2, 3),
(83, 26.50, 1, 8.6, 3, 5),
(84, 37.90, 0, 7.4, 4, 1),
(85, 21.60, 1, 8.3, 5, 2),
(86, 53.80, 0, 7.9, 6, 7),
(87, 29.20, 1, 8.7, 7, 6),
(88, 16.10, 0, 6.4, 8, 8),
(89, 44.30, 1, 9.0, 9, 9),
(90, 38.60, 0, 7.6, 10, 3),
(91, 23.80, 1, 8.1, 1, 2),
(92, 50.40, 0, 7.5, 2, 1),
(93, 31.50, 1, 8.8, 3, 6),
(94, 20.90, 0, 6.9, 4, 4),
(95, 46.20, 1, 8.4, 5, 5),
(96, 28.70, 0, 7.1, 6, 3),
(97, 39.80, 1, 8.6, 7, 2),
(98, 17.60, 0, 6.5, 8, 10),
(99, 57.90, 1, 9.1, 9, 9),
(100, 34.50, 0, 7.7, 10, 1);

INSERT INTO WORKER (worker_id, first_name, last_name, patronymic, hire_date, phone_number, brigade_id) VALUES
(1, 'Тарас', 'Іваненко', 'Миколайович', '2015-03-10', '+380501234567', 1),
(2, 'Оксана', 'Петренко', 'Василівна', '2016-07-15', '+380672345678', 1),
(3, 'Микола', 'Сидоренко', 'Андрійович', '2014-11-20', '+380933456789', 1),
(4, 'Галина', 'Коваль', 'Іванівна', '2017-02-28', '+380504567890', 1),
(5, 'Дмитро', 'Мороз', 'Сергійович', '2013-08-05', '+380675678901', 1),
(6, 'Людмила', 'Бойко', 'Олегівна', '2018-04-12', '+380936789012', 2),
(7, 'Віктор', 'Панченко', 'Михайлович', '2012-09-25', '+380507890123', 2),
(8, 'Наталія', 'Кириленко', 'Дмитрівна', '2019-01-08', '+380678901234', 2),
(9, 'Олексій', 'Власенко', 'Ігорович', '2011-06-14', '+380939012345', 2),
(10, 'Ірина', 'Стець', 'Юріївна', '2020-03-22', '+380500123456', 2),
(11, 'Григорій', 'Назаренко', 'Васильович', '2015-10-30', '+380671234567', 3),
(12, 'Тетяна', 'Романенко', 'Олексіївна', '2016-05-18', '+380932345678', 3),
(13, 'Сергій', 'Левченко', 'Борисович', '2013-12-07', '+380503456789', 3),
(14, 'Валентина', 'Харченко', 'Петрівна', '2018-08-14', '+380674567890', 3),
(15, 'Богдан', 'Клименко', 'Миколайович', '2014-03-26', '+380935678901', 3),
(16, 'Марина', 'Приходько', 'Андріївна', '2017-11-09', '+380506789012', 4),
(17, 'Андрій', 'Федоренко', 'Степанович', '2012-07-31', '+380677890123', 4),
(18, 'Ольга', 'Остапенко', 'Василівна', '2019-04-16', '+380938901234', 4),
(19, 'Ігор', 'Дяченко', 'Олексійович', '2016-01-23', '+380509012345', 4),
(20, 'Вікторія', 'Гаврилюк', 'Сергіївна', '2020-06-11', '+380670123456', 4),
(21, 'Павло', 'Момот', 'Іванович', '2015-09-04', '+380931234567', 5),
(22, 'Наталія', 'Слободян', 'Григорівна', '2013-02-17', '+380502345678', 5),
(23, 'Роман', 'Гладченко', 'Дмитрович', '2018-07-29', '+380673456789', 5),
(24, 'Олена', 'Яценко', 'Михайлівна', '2014-12-06', '+380934567890', 5),
(25, 'Максим', 'Гнатенко', 'Олегович', '2017-05-21', '+380505678901', 5),
(26, 'Світлана', 'Сорока', 'Іванівна', '2016-10-13', '+380676789012', 6),
(27, 'Артем', 'Вовк', 'Андрійович', '2012-04-08', '+380937890123', 6),
(28, 'Людмила', 'Поліщук', 'Дмитрівна', '2019-08-25', '+380508901234', 6),
(29, 'Денис', 'Хомич', 'Петрович', '2015-01-19', '+380679012345', 6),
(30, 'Анна', 'Шульга', 'Василівна', '2020-11-03', '+380930123456', 6),
(31, 'Василь', 'Гриценко', 'Миколайович', '2014-06-27', '+380501234568', 7),
(32, 'Надія', 'Ткаченко', 'Сергіївна', '2017-03-14', '+380672345679', 7),
(33, 'Олег', 'Руденко', 'Андрійович', '2013-09-02', '+380933456780', 7),
(34, 'Марія', 'Кузьменко', 'Іванівна', '2018-12-20', '+380504567891', 7),
(35, 'Юрій', 'Білоус', 'Дмитрович', '2016-04-07', '+380675678902', 7),
(36, 'Тамара', 'Мисик', 'Олексіївна', '2011-11-15', '+380936789013', 8),
(37, 'Вячеслав', 'Пономаренко', 'Васильович', '2015-07-23', '+380507890124', 8),
(38, 'Катерина', 'Нечипоренко', 'Григорівна', '2019-02-10', '+380678901235', 8),
(39, 'Євген', 'Москаленко', 'Борисович', '2014-05-28', '+380939012346', 8),
(40, 'Ліна', 'Компанієць', 'Степанівна', '2020-09-16', '+380500123457', 8),
(41, 'Сергій', 'Лобода', 'Михайлович', '2013-01-04', '+380671234568', 9),
(42, 'Валерія', 'Стельмах', 'Андріївна', '2017-08-18', '+380932345679', 9),
(43, 'Олег', 'Дудченко', 'Ігорович', '2015-11-06', '+380503456780', 9),
(44, 'Оксана', 'Симоненко', 'Василівна', '2018-06-24', '+380674567891', 9),
(45, 'Іван', 'Кривонос', 'Олексійович', '2012-03-13', '+380935678902', 9),
(46, 'Алла', 'Батіг', 'Дмитрівна', '2016-12-01', '+380506789013', 10),
(47, 'Роман', 'Гулик', 'Петрович', '2014-04-19', '+380677890124', 10),
(48, 'Тетяна', 'Мандрика', 'Сергіївна', '2019-10-07', '+380938901235', 10),
(49, 'Андрій', 'Горобець', 'Миколайович', '2013-07-25', '+380509012346', 10),
(50, 'Людмила', 'Дорош', 'Іванівна', '2020-01-14', '+380670123457', 10),
(51, 'Микола', 'Паращук', 'Васильович', '2015-05-03', '+380931234568', 1),
(52, 'Ірина', 'Саченко', 'Олегівна', '2017-10-21', '+380502345679', 2),
(53, 'Василь', 'Лукянець', 'Андрійович', '2013-03-08', '+380673456780', 3),
(54, 'Тетяна', 'Гудзь', 'Михайлівна', '2018-09-15', '+380934567891', 4),
(55, 'Сергій', 'Кисіль', 'Дмитрович', '2016-01-29', '+380505678902', 5),
(56, 'Наталія', 'Тесленко', 'Петрівна', '2014-07-17', '+380676789013', 6),
(57, 'Юрій', 'Ємець', 'Степанович', '2019-04-04', '+380937890124', 7),
(58, 'Оксана', 'Демиденко', 'Іванівна', '2012-11-22', '+380508901235', 8),
(59, 'Андрій', 'Власюк', 'Сергійович', '2017-06-10', '+380679012346', 9),
(60, 'Марина', 'Голуб', 'Олексіївна', '2015-02-27', '+380930123457', 10),
(61, 'Богдан', 'Черненко', 'Васильович', '2013-08-14', '+380501234569', 1),
(62, 'Галина', 'Коломієць', 'Андріївна', '2018-03-01', '+380672345670', 2),
(63, 'Петро', 'Радченко', 'Миколайович', '2016-11-18', '+380933456781', 3),
(64, 'Ольга', 'Чередник', 'Сергіївна', '2014-06-05', '+380504567892', 4),
(65, 'Дмитро', 'Бабич', 'Ігорович', '2019-01-23', '+380675678903', 5),
(66, 'Людмила', 'Карась', 'Василівна', '2012-07-11', '+380936789014', 6),
(67, 'Олексій', 'Щербань', 'Петрович', '2017-02-28', '+380507890125', 7),
(68, 'Наталія', 'Онищенко', 'Дмитрівна', '2015-09-16', '+380678901236', 8),
(69, 'Іван', 'Пилипенко', 'Олексійович', '2020-04-03', '+380939012347', 9),
(70, 'Вікторія', 'Зінченко', 'Михайлівна', '2013-12-20', '+380500123458', 10),
(71, 'Сергій', 'Горобець', 'Андрійович', '2016-05-08', '+380671234569', 1),
(72, 'Тетяна', 'Даниленко', 'Іванівна', '2014-10-25', '+380932345670', 2),
(73, 'Андрій', 'Лещенко', 'Васильович', '2018-01-13', '+380503456781', 3),
(74, 'Марина', 'Бутенко', 'Сергіївна', '2015-06-30', '+380674567892', 4),
(75, 'Ігор', 'Ситник', 'Миколайович', '2019-11-17', '+380935678903', 5),
(76, 'Олена', 'Пасічник', 'Олегівна', '2013-04-04', '+380506789014', 6),
(77, 'Максим', 'Рибаченко', 'Дмитрович', '2017-09-21', '+380677890125', 7),
(78, 'Алла', 'Дейнека', 'Петрівна', '2012-02-09', '+380938901236', 8),
(79, 'Oksana', 'Сагаль', 'Василівна', '2016-07-27', '+380509012347', 9),
(80, 'Юрій', 'Бесараб', 'Ігорович', '2020-12-14', '+380670123458', 10),
(81, 'Микола', 'Ковтун', 'Сергійович', '2014-03-02', '+380931234569', 1),
(82, 'Ірина', 'Литвин', 'Андріївна', '2017-08-20', '+380502345670', 2),
(83, 'Олег', 'Дубовик', 'Миколайович', '2015-01-07', '+380673456781', 3),
(84, 'Світлана', 'Мірошник', 'Василівна', '2018-10-24', '+380934567892', 4),
(85, 'Богдан', 'Хоменко', 'Дмитрович', '2013-05-11', '+380505678903', 5),
(86, 'Валентина', 'Супруненко', 'Петрівна', '2016-02-29', NULL, 6),
(87, 'Артем', 'Пономар', 'Олексійович', '2014-09-16', '+380677890126', 7),
(88, 'Катерина', 'Гречко', 'Іванівна', '2019-06-03', '+380938901237', 8),
(89, 'Євген', 'Семченко', 'Сергійович', '2012-12-21', '+380509012348', 9),
(90, 'Ліна', 'Яремченко', 'Миколаївна', '2017-04-08', '+380670123459', 10),
(91, 'Тарас', 'Безпалько', 'Андрійович', '2015-11-25', '+380931234560', 1),
(92, 'Надія', 'Гетьман', 'Василівна', '2013-06-13', '+380502345671', 2),
(93, 'Роман', 'Шаповал', 'Ігорович', '2018-03-30', '+380673456782', 3),
(94, 'Олена', 'Кириченко', 'Дмитрівна', '2016-09-17', '+380934567893', 4),
(95, 'Павло', 'Нікітенко', 'Петрович', '2014-01-04', '+380505678904', 5),
(96, 'Марія', 'Кисельчук', 'Олегівна', '2019-07-22', '+380676789014', 6),
(97, 'Денис', 'Науменко', 'Михайлович', '2012-10-09', '+380937890125', 7),
(98, 'Вячеслав', 'Гаврись', 'Степанович', '2017-01-27', '+380508901237', 8),
(99, 'Оксана', 'Свистун', 'Василівна', '2015-04-14', '+380679012348', 9),
(100, 'Андрій', 'Жук', 'Сергійович', '2020-08-01', '+380930123458', 10);

INSERT INTO EQUIPMENT (equipment_id, equipment_type, model, manufacture_year, purchase_date, status, brigade_id) VALUES
(1, 'Трактор', 'John Deere 8R 310', 2018, '2019-03-15', 'Активний', 1),
(2, 'Комбайн', 'Claas Lexion 770', 2017, '2018-06-20', 'Активний', 1),
(3, 'Сівалка', 'Amazone D9 3000', 2019, '2020-01-10', 'Активний', 1),
(4, 'Обприскувач', 'John Deere 4630', 2016, '2017-04-05', 'Активний', 1),
(5, 'Культиватор', 'Lemken Korund 8', 2020, '2021-02-28', 'Активний', 1),
(6, 'Трактор', 'Case IH Magnum 380', 2017, '2018-08-12', 'Активний', 2),
(7, 'Комбайн', 'New Holland CR10.90', 2016, '2017-11-25', 'Активний', 2),
(8, 'Сівалка', 'Horsch Maestro 12', 2018, '2019-05-08', 'Активний', 2),
(9, 'Плуг', 'Lemken Diamant 11', 2015, '2016-03-22', 'Активний', 2),
(10, 'Борона', 'Amazone Catros 6001', 2019, '2020-07-16', 'Активний', 2),
(11, 'Трактор', 'Fendt 1050 Vario', 2019, '2020-04-03', 'Активний', 3),
(12, 'Комбайн', 'Claas Tucano 580', 2018, '2019-09-19', 'Активний', 3),
(13, 'Обприскувач', 'Amazone UX 11200', 2017, '2018-02-14', 'Активний', 3),
(14, 'Сівалка', 'Kuhn Megant 300', 2020, '2021-06-07', 'Активний', 3),
(15, 'Культиватор', 'Horsch Tiger 6 MT', 2016, '2017-10-30', 'Активний', 3),
(16, 'Трактор', 'Deutz-Fahr 7250', 2018, '2019-01-16', 'Активний', 4),
(17, 'Комбайн', 'Massey Ferguson 9380', 2017, '2018-07-03', 'Ремонт', 4),
(18, 'Плуг', 'Kverneland PN 100', 2016, '2017-12-21', 'Активний', 4),
(19, 'Борона', 'Vogel&Noot Terramat', 2019, '2020-05-08', 'Активний', 4),
(20, 'Сівалка', 'Accord Optima HD', 2015, '2016-08-25', 'Активний', 4),
(21, 'Трактор', 'John Deere 7310R', 2020, '2021-03-12', 'Активний', 5),
(22, 'Комбайн', 'Claas Lexion 750', 2019, '2020-10-29', 'Активний', 5),
(23, 'Обприскувач', 'Hardi Navigator 6000', 2018, '2019-07-15', 'Активний', 5),
(24, 'Культиватор', 'Amazone Cenio 6000', 2017, '2018-04-02', 'Активний', 5),
(25, 'Сівалка', 'Kuhn Aurock 6000DD', 2016, '2017-09-18', 'Активний', 5),
(26, 'Трактор', 'New Holland T7.315', 2019, '2020-02-05', 'Активний', 6),
(27, 'Комбайн', 'Case IH 8250', 2018, '2019-08-22', 'Активний', 6),
(28, 'Плуг', 'Amazone Cayron 200', 2017, '2018-05-09', 'Активний', 6),
(29, 'Борона', 'Horsch Joker 6 RT', 2016, '2017-11-26', 'Активний', 6),
(30, 'Сівалка', 'Lemken Solitair 23', 2020, '2021-04-13', 'Активний', 6),
(31, 'Трактор', 'Claas Axion 870', 2018, '2019-01-30', 'Активний', 7),
(32, 'Комбайн', 'John Deere S780', 2017, '2018-09-16', 'Активний', 7),
(33, 'Обприскувач', 'Amazone UX 5200', 2019, '2020-06-03', 'Активний', 7),
(34, 'Культиватор', 'Kuhn Prolander 6', 2016, '2017-12-20', 'Активний', 7),
(35, 'Плуг', 'Gregoire-Besson SPSL', 2015, '2016-07-07', 'Активний', 7),
(36, 'Трактор', 'Massey Ferguson 8740S', 2020, '2021-05-24', 'Активний', 8),
(37, 'Комбайн', 'Fendt 6335 C', 2019, '2020-12-11', 'Активний', 8),
(38, 'Сівалка', 'Kinze 3600', 2018, '2019-04-28', 'Активний', 8),
(39, 'Борона', 'Lemken Rubin 12', 2017, '2018-02-15', 'Активний', 8),
(40, 'Культиватор', 'Horsch Cruiser 9 XL', 2016, '2017-08-02', 'Ремонт', 8),
(41, 'Трактор', 'Case IH AFS 500', 2019, '2020-03-20', 'Активний', 9),
(42, 'Комбайн', 'Claas Tucano 450', 2018, '2019-11-06', 'Активний', 9),
(43, 'Обприскувач', 'John Deere R4045', 2017, '2018-06-23', 'Активний', 9),
(44, 'Плуг', 'Kuhn Multi-Master 183', 2016, '2017-01-10', 'Активний', 9),
(45, 'Сівалка', 'Vaderstad Rapid A 600', 2020, '2021-07-27', 'Активний', 9),
(46, 'Трактор', 'John Deere 6R 250', 2018, '2019-02-14', 'Активний', 10),
(47, 'Комбайн', 'New Holland TC5.90', 2017, '2018-10-01', 'Активний', 10),
(48, 'Культиватор', 'Amazone Ceus 6003', 2019, '2020-08-18', 'Активний', 10),
(49, 'Борона', 'Kverneland CLC Pro', 2016, '2017-05-05', 'Активний', 10),
(50, 'Сівалка', 'Horsch Pronto 9 DC', 2015, '2016-11-22', 'Активний', 10),
(51, 'Трактор', 'John Deere 5M', 2017, '2018-03-09', 'Активний', 1),
(52, 'Плуг', 'Lemken Juwel 8', 2018, '2019-10-26', 'Активний', 2),
(53, 'Обприскувач', 'Bargam Squadra 4200', 2016, '2017-07-14', 'Активний', 3),
(54, 'Борона', 'Amazone Catros 8001', 2019, '2020-04-01', 'Активний', 4),
(55, 'Культиватор', 'Kuhn Striger 300', 2017, '2018-01-18', 'Активний', 5),
(56, 'Трактор', 'Case IH Puma 185', 2020, '2021-08-05', 'Активний', 6),
(57, 'Плуг', 'Horsch Joker 8 RT', 2018, '2019-06-22', 'Активний', 7),
(58, 'Сівалка', 'Amazone EDX 6000-TC', 2017, '2018-12-09', 'Активний', 8),
(59, 'Обприскувач', 'Massey Ferguson 8732', 2019, '2020-09-26', 'Активний', 9),
(60, 'Культиватор', 'Lemken Heliodor 9', 2016, '2017-04-13', 'Активний', 10),
(61, 'Трактор', 'Deutz-Fahr Agrotron', 2018, '2019-01-30', 'Активний', 1),
(62, 'Комбайн', 'Gleaner S98', 2017, '2018-08-17', 'Ремонт', 2),
(63, 'Обприскувач', 'Challenger RG900B', 2019, '2020-05-04', 'Активний', 3),
(64, 'Сівалка', 'White Planter 9816VE', 2016, '2017-02-21', 'Активний', 4),
(65, 'Борона', 'Case IH Ecolo-Till', 2020, '2021-09-08', 'Активний', 5),
(66, 'Трактор', 'Landini Legend 165', 2018, '2019-03-27', 'Активний', 6),
(67, 'Комбайн', 'AGCO Ideal 9', 2019, '2020-11-13', 'Активний', 7),
(68, 'Плуг', 'Massey Ferguson 185', 2017, '2018-07-01', 'Активний', 8),
(69, 'Культиватор', 'Versatile Disc', 2016, '2017-10-18', 'Активний', 9),
(70, 'Сівалка', 'Great Plains PD8070', 2015, '2016-05-05', 'Активний', 10),
(71, 'Трактор', 'Fendt 516 Vario', 2020, '2021-02-22', 'Активний', 1),
(72, 'Борона', 'Kuhn HR 5004 D', 2019, '2020-07-09', 'Активний', 2),
(73, 'Обприскувач', 'Rau Sprimax', 2018, '2019-04-26', 'Активний', 3),
(74, 'Культиватор', 'Horsch Avatar 12', 2017, '2018-01-13', 'Активний', 4),
(75, 'Плуг', 'Pottinger Servo 45M', 2016, '2017-08-30', 'Активний', 5),
(76, 'Трактор', 'Challenger MT 775E', 2019, '2020-05-17', 'Активний', 6),
(77, 'Комбайн', 'Rostselmash RSM 161', 2018, '2019-12-04', 'Активний', 7),
(78, 'Сівалка', 'Kuhn Megant 6000', 2017, '2018-06-21', 'Активний', 8),
(79, 'Борона', 'Amazone KX 3001', 2016, '2017-03-09', 'Активний', 9),
(80, 'Культиватор', 'Lemken Zirkon 8', 2020, '2021-10-26', 'Активний', 10),
(81, 'Трактор', 'Valtra T234', 2018, '2019-07-13', 'Активний', 1),
(82, 'Комбайн', 'Rostselmash Nova 340', 2017, '2018-04-01', 'Активний', 2),
(83, 'Обприскувач', 'Miller Nitro 5260', 2019, '2020-01-18', 'Активний', 3),
(84, 'Плуг', 'Kuhn Varimaster 183', 2016, '2017-09-05', 'Активний', 4),
(85, 'Сівалка', 'Kinze 3660', 2020, '2021-06-22', 'Активний', 5),
(86, 'Трактор', 'CLAAS Xerion 5000', 2019, '2020-03-11', 'Активний', 6),
(87, 'Борона', 'Vaderstad NZ Aggressive', 2018, '2019-10-28', 'Активний', 7),
(88, 'Культиватор', 'Horsch Terrano 4 FX', 2017, '2018-07-15', 'Активний', 8),
(89, 'Комбайн', 'AGCO Fendt Ideal 7', 2016, '2017-04-02', 'Ремонт', 9),
(90, 'Плуг', 'Lemken Juwel 7', 2015, '2016-12-19', 'Активний', 10),
(91, 'Трактор', 'John Deere 5125R', 2020, '2021-09-05', 'Активний', 1),
(92, 'Сівалка', 'Amazone Cayena 6001', 2020, '2021-03-15', 'Активний', 2),
(93, 'Обприскувач', 'Case IH SPX3340', 2018, '2019-06-09', 'Активний', 3),
(94, 'Культиватор', 'Fendt Momentum', 2017, '2018-02-26', 'Активний', 4),
(95, 'Борона', 'Horsch Joker RT 6', 2019, '2020-11-13', 'Активний', 5),
(96, 'Трактор', 'New Holland T8.435', 2016, '2017-08-30', 'Активний', 6),
(97, 'Комбайн', 'John Deere W650', 2015, '2016-05-17', 'Активний', 7),
(98, 'Плуг', 'Rabe Albatros', 2018, '2019-03-04', 'Активний', 8),
(99, 'Сівалка', 'Massey Ferguson 9306', 2017, '2018-12-21', 'Активний', 9),
(100, 'Культиватор', 'John Deere 2310', 2016, '2017-07-08', 'Активний', 10);

INSERT INTO WORKER_EQUIPMENT_SKILL (skill_id, worker_id, equipment_id, skill_level, certification_date, experience_years) VALUES
(1, 1, 1, 'Експерт', '2016-05-10', 7),
(2, 1, 2, 'Досвідчений', '2017-03-15', 5),
(3, 2, 3, 'Базовий', '2018-06-20', 3),
(4, 3, 4, 'Досвідчений', '2016-09-25', 6),
(5, 4, 5, 'Базовий', '2019-01-10', 2),
(6, 5, 1, 'Досвідчений', '2015-07-18', 8),
(7, 6, 6, 'Експерт', '2014-11-22', 10),
(8, 7, 7, 'Досвідчений', '2016-04-05', 6),
(9, 8, 8, 'Базовий', '2020-08-30', 1),
(10, 9, 9, 'Експерт', '2013-12-15', 9),
(11, 10, 10, 'Базовий', '2021-02-28', 1),
(12, 11, 11, 'Досвідчений', '2017-06-12', 5),
(13, 12, 12, 'Базовий', '2018-10-07', 3),
(14, 13, 13, 'Експерт', '2015-03-22', 8),
(15, 14, 14, 'Досвідчений', '2019-07-16', 4),
(16, 15, 15, 'Базовий', '2016-11-01', 5),
(17, 16, 16, 'Експерт', '2018-04-25', 6),
(18, 17, 17, 'Досвідчений', '2014-08-10', 9),
(19, 18, 18, 'Базовий', '2020-12-05', 2),
(20, 19, 19, 'Досвідчений', '2017-05-20', 5),
(21, 20, 20, 'Базовий', '2021-09-14', 1),
(22, 21, 21, 'Експерт', '2016-02-28', 7),
(23, 22, 22, 'Досвідчений', '2015-06-12', 8),
(24, 23, 23, 'Базовий', '2019-10-27', 3),
(25, 24, 24, 'Досвідчений', '2017-01-11', 6),
(26, 25, 25, 'Базовий', '2018-05-26', 4),
(27, 26, 26, 'Експерт', '2014-09-10', 10),
(28, 27, 27, 'Досвідчений', '2016-03-25', 7),
(29, 28, 28, 'Базовий', '2020-07-09', 2),
(30, 29, 29, 'Досвідчений', '2017-11-24', 5),
(31, 30, 30, 'Базовий', '2021-04-08', 1),
(32, 31, 31, 'Експерт', '2016-08-23', 7),
(33, 32, 32, 'Досвідчений', '2018-12-07', 4),
(34, 33, 33, 'Базовий', '2015-04-22', 6),
(35, 34, 34, 'Досвідчений', '2019-09-06', 3),
(36, 35, 35, 'Базовий', '2017-01-21', 5),
(37, 36, 36, 'Експерт', '2013-05-05', 11),
(38, 37, 37, 'Досвідчений', '2016-10-20', 6),
(39, 38, 38, 'Базовий', '2020-02-04', 2),
(40, 39, 39, 'Досвідчений', '2016-07-19', 7),
(41, 40, 40, 'Базовий', '2021-12-03', 1),
(42, 41, 41, 'Експерт', '2015-11-17', 8),
(43, 42, 42, 'Досвідчений', '2018-04-02', 5),
(44, 43, 43, 'Базовий', '2017-08-16', 4),
(45, 44, 44, 'Досвідчений', '2019-12-31', 3),
(46, 45, 45, 'Базовий', '2014-06-15', 7),
(47, 46, 46, 'Експерт', '2017-10-30', 6),
(48, 47, 47, 'Досвідчений', '2016-02-14', 7),
(49, 48, 48, 'Базовий', '2020-06-29', 2),
(50, 49, 49, 'Досвідчений', '2015-09-13', 8),
(51, 50, 50, 'Базовий', '2021-01-27', 1),
(52, 1, 51, 'Досвідчений', '2019-05-12', 4),
(53, 6, 52, 'Базовий', '2020-09-26', 2),
(54, 11, 53, 'Досвідчений', '2018-02-10', 5),
(55, 16, 54, 'Базовий', '2021-06-25', 1),
(56, 21, 55, 'Досвідчений', '2017-11-09', 6),
(57, 26, 56, 'Базовий', '2019-03-24', 3),
(58, 31, 57, 'Досвідчений', '2016-08-08', 7),
(59, 36, 58, 'Базовий', '2020-12-22', 2),
(60, 41, 59, 'Досвідчений', '2018-05-06', 5),
(61, 46, 60, 'Базовий', '2021-09-21', 1),
(62, 2, 61, 'Досвідчений', '2019-01-05', 4),
(63, 7, 62, 'Базовий', '2020-04-20', 2),
(64, 12, 63, 'Досвідчений', '2017-08-04', 5),
(65, 17, 64, 'Базовий', '2021-11-19', 1),
(66, 22, 65, 'Досвідчений', '2016-03-03', 7),
(67, 27, 66, 'Базовий', '2019-07-18', 3),
(68, 32, 67, 'Досвідчений', '2018-12-02', 4),
(69, 37, 68, 'Базовий', '2020-04-17', 2),
(70, 42, 69, 'Досвідчений', '2017-08-31', 6),
(71, 47, 70, 'Базовий', '2021-01-16', 1),
(72, 3, 71, 'Досвідчений', '2018-05-31', 5),
(73, 8, 72, 'Базовий', '2020-10-15', 2),
(74, 13, 73, 'Досвідчений', '2016-02-29', 6),
(75, 18, 74, 'Базовий', '2021-07-14', 1),
(76, 23, 75, 'Досвідчений', '2018-11-28', 4),
(77, 28, 76, 'Базовий', '2020-03-14', 2),
(78, 33, 77, 'Досвідчений', '2016-07-28', 6),
(79, 38, 78, 'Базовий', '2021-12-12', 1),
(80, 43, 79, 'Досвідчений', '2018-04-26', 5),
(81, 48, 80, 'Базовий', '2020-09-10', 2),
(82, 4, 81, 'Досвідчений', '2019-01-24', 4),
(83, 9, 82, 'Базовий', '2020-06-09', 2),
(84, 14, 83, 'Досвідчений', '2017-10-23', 5),
(85, 19, 84, 'Базовий', '2021-03-09', 1),
(86, 24, 85, 'Досвідчений', '2015-07-22', 8),
(87, 29, 86, 'Базовий', '2019-11-06', 3),
(88, 34, 87, 'Досвідчений', '2017-03-21', 6),
(89, 39, 88, 'Базовий', '2020-08-05', 2),
(90, 44, 89, 'Досвідчений', '2016-12-19', 7),
(91, 49, 90, 'Базовий', '2021-04-04', 1),
(92, 5, 91, 'Досвідчений', '2019-08-18', 4),
(93, 10, 92, 'Базовий', '2020-12-02', 2),
(94, 15, 93, 'Досвідчений', '2017-04-17', 6),
(95, 20, 94, 'Базовий', '2021-08-31', 1),
(96, 25, 95, 'Досвідчений', '2016-01-15', 7),
(97, 30, 96, 'Базовий', '2019-05-30', 3),
(98, 35, 97, 'Досвідчений', '2017-10-13', 6),
(99, 40, 98, 'Базовий', '2020-02-27', 2),
(100, 45, 99, 'Досвідчений', '2015-06-12', 8);

INSERT INTO FERTILIZER_APPLICATION (application_id, plot_id, fertilizer_id, worker_id, brigade_id, application_date, amount_kg, application_method, notes) VALUES
(1, 1, 1, 1, 1, '2024-03-10', 150.00, 'Розсів', NULL),
(2, 1, 4, 2, 1, '2024-04-15', 250.00, 'Розсів', NULL),
(3, 2, 2, 3, 1, '2024-03-20', 200.00, 'Розсів', NULL),
(4, 2, 3, 4, 1, '2024-04-25', 100.00, 'Внесення в ґрунт', NULL),
(5, 3, 5, 6, 2, '2024-03-15', 120.00, 'Розсів', NULL),
(6, 3, 6, 7, 2, '2024-04-20', 180.00, 'Розсів', NULL),
(7, 4, 1, 8, 2, '2024-03-25', 150.00, 'Розсів', NULL),
(8, 4, 2, 9, 2, '2024-05-01', 200.00, 'Розсів', NULL),
(9, 5, 4, 11, 3, '2024-03-12', 250.00, 'Розсів', NULL),
(10, 5, 5, 12, 3, '2024-04-18', 120.00, 'Обприскування', NULL),
(11, 6, 3, 13, 3, '2024-03-22', 100.00, 'Внесення в ґрунт', NULL),
(12, 6, 7, 14, 3, '2024-05-05', 120.00, 'Розсів', NULL),
(13, 7, 2, 16, 4, '2024-03-18', 200.00, 'Розсів', NULL),
(14, 7, 8, 17, 4, '2024-04-22', 130.00, 'Внесення в ґрунт', NULL),
(15, 8, 1, 18, 4, '2024-03-28', 150.00, 'Розсів', NULL),
(16, 8, 4, 19, 4, '2024-05-08', 250.00, 'Розсів', NULL),
(17, 9, 5, 21, 5, '2024-03-14', 120.00, 'Розсів', NULL),
(18, 9, 6, 22, 5, '2024-04-19', 180.00, 'Розсів', NULL),
(19, 10, 1, 23, 5, '2024-03-24', 150.00, 'Розсів', NULL),
(20, 10, 3, 24, 5, '2024-04-29', 100.00, 'Внесення в ґрунт', NULL),
(21, 11, 4, 26, 6, '2024-03-11', 250.00, 'Розсів', NULL),
(22, 11, 2, 27, 6, '2024-04-16', 200.00, 'Розсів', NULL),
(23, 12, 1, 28, 6, '2024-03-21', 150.00, 'Розсів', NULL),
(24, 12, 5, 29, 6, '2024-04-26', 120.00, 'Обприскування', NULL),
(25, 13, 6, 31, 7, '2024-03-16', 180.00, 'Розсів', NULL),
(26, 13, 7, 32, 7, '2024-04-21', 120.00, 'Розсів', NULL),
(27, 14, 2, 33, 7, '2024-03-26', 200.00, 'Розсів', NULL),
(28, 14, 3, 34, 7, '2024-05-02', 100.00, 'Внесення в ґрунт', NULL),
(29, 15, 4, 36, 8, '2024-03-13', 250.00, 'Розсів', NULL),
(30, 15, 5, 37, 8, '2024-04-17', 120.00, 'Обприскування', NULL),
(31, 16, 1, 38, 8, '2024-03-23', 150.00, 'Розсів', NULL),
(32, 16, 8, 39, 8, '2024-04-28', 130.00, 'Внесення в ґрунт', NULL),
(33, 17, 4, 41, 9, '2024-03-17', 250.00, 'Розсів', NULL),
(34, 17, 6, 42, 9, '2024-04-22', 180.00, 'Розсів', NULL),
(35, 18, 2, 43, 9, '2024-03-27', 200.00, 'Розсів', NULL),
(36, 18, 3, 44, 9, '2024-05-03', 100.00, 'Внесення в ґрунт', NULL),
(37, 19, 1, 46, 10, '2024-03-15', 150.00, 'Розсів', NULL),
(38, 19, 4, 47, 10, '2024-04-20', 250.00, 'Розсів', NULL),
(39, 20, 5, 48, 10, '2024-03-25', 120.00, 'Розсів', NULL),
(40, 20, 7, 49, 10, '2024-04-30', 120.00, 'Розсів', NULL),
(41, 21, 6, 1, 1, '2024-03-19', 180.00, 'Розсів', NULL),
(42, 21, 1, 2, 1, '2024-04-24', 150.00, 'Розсів', NULL),
(43, 22, 4, 6, 2, '2024-03-14', 250.00, 'Розсів', NULL),
(44, 22, 2, 7, 2, '2024-04-19', 200.00, 'Розсів', NULL),
(45, 23, 5, 11, 3, '2024-03-24', 120.00, 'Обприскування', NULL),
(46, 23, 3, 12, 3, '2024-04-29', 100.00, 'Внесення в ґрунт', NULL),
(47, 24, 1, 16, 4, '2024-03-18', 150.00, 'Розсів', NULL),
(48, 24, 6, 17, 4, '2024-04-23', 180.00, 'Розсів', NULL),
(49, 25, 4, 21, 5, '2024-03-13', 250.00, 'Розсів', NULL),
(50, 25, 5, 22, 5, '2024-04-18', 120.00, 'Розсів', NULL),
(51, 26, 2, 26, 6, '2024-03-23', 200.00, 'Розсів', NULL),
(52, 26, 8, 27, 6, '2024-04-28', 130.00, 'Внесення в ґрунт', NULL),
(53, 27, 1, 31, 7, '2024-03-17', 150.00, 'Розсів', NULL),
(54, 27, 4, 32, 7, '2024-04-22', 250.00, 'Розсів', NULL),
(55, 28, 5, 36, 8, '2024-03-27', 120.00, 'Обприскування', NULL),
(56, 28, 3, 37, 8, '2024-05-02', 100.00, 'Внесення в ґрунт', NULL),
(57, 29, 1, 41, 9, '2024-03-21', 150.00, 'Розсів', NULL),
(58, 29, 2, 42, 9, '2024-04-26', 200.00, 'Розсів', NULL),
(59, 30, 6, 46, 10, '2024-03-16', 180.00, 'Розсів', NULL),
(60, 30, 7, 47, 10, '2024-04-21', 120.00, 'Розсів', NULL),
(61, 31, 4, 1, 1, '2024-03-11', 250.00, 'Розсів', NULL),
(62, 31, 1, 2, 1, '2024-04-16', 150.00, 'Розсів', NULL),
(63, 32, 5, 6, 2, '2024-03-21', 120.00, 'Обприскування', NULL),
(64, 32, 3, 7, 2, '2024-04-26', 100.00, 'Внесення в ґрунт', NULL),
(65, 33, 2, 11, 3, '2024-03-15', 200.00, 'Розсів', NULL),
(66, 33, 8, 12, 3, '2024-04-20', 130.00, 'Внесення в ґрунт', NULL),
(67, 34, 6, 16, 4, '2024-03-25', 180.00, 'Розсів', NULL),
(68, 34, 1, 17, 4, '2024-04-30', 150.00, 'Розсів', NULL),
(69, 35, 4, 21, 5, '2024-03-19', 250.00, 'Розсів', NULL),
(70, 35, 2, 22, 5, '2024-04-24', 200.00, 'Розсів', NULL),
(71, 36, 5, 26, 6, '2024-03-13', 120.00, 'Обприскування', NULL),
(72, 36, 4, 27, 6, '2024-04-18', 250.00, 'Розсів', NULL),
(73, 37, 1, 31, 7, '2024-03-23', 150.00, 'Розсів', NULL),
(74, 37, 3, 32, 7, '2024-04-28', 100.00, 'Внесення в ґрунт', NULL),
(75, 38, 6, 36, 8, '2024-03-17', 180.00, 'Розсів', NULL),
(76, 38, 5, 37, 8, '2024-04-22', 120.00, 'Розсів', NULL),
(77, 39, 2, 41, 9, '2024-03-27', 200.00, 'Розсів', NULL),
(78, 39, 7, 42, 9, '2024-05-02', 120.00, 'Розсів', NULL),
(79, 40, 1, 46, 10, '2024-03-21', 150.00, 'Розсів', NULL),
(80, 40, 4, 47, 10, '2024-04-26', 250.00, 'Розсів', NULL),
(81, 41, 5, 1, 1, '2024-03-12', 120.00, 'Обприскування', NULL),
(82, 41, 2, 2, 1, '2024-04-17', 200.00, 'Розсів', NULL),
(83, 42, 6, 6, 2, '2024-03-22', 180.00, 'Розсів', NULL),
(84, 42, 1, 7, 2, '2024-04-27', 150.00, 'Розсів', NULL),
(85, 43, 4, 11, 3, '2024-03-16', 250.00, 'Розсів', NULL),
(86, 43, 3, 12, 3, '2024-04-21', 100.00, 'Внесення в ґрунт', NULL),
(87, 44, 2, 16, 4, '2024-03-26', 200.00, 'Розсів', NULL),
(88, 44, 8, 17, 4, '2024-05-01', 130.00, 'Внесення в ґрунт', NULL),
(89, 45, 5, 21, 5, '2024-03-20', 120.00, 'Обприскування', NULL),
(90, 45, 1, 22, 5, '2024-04-25', 150.00, 'Розсів', NULL),
(91, 46, 7, 26, 6, '2024-03-14', 120.00, 'Розсів', NULL),
(92, 46, 4, 27, 6, '2024-04-19', 250.00, 'Розсів', NULL),
(93, 47, 6, 31, 7, '2024-03-24', 180.00, 'Розсів', NULL),
(94, 47, 5, 32, 7, '2024-04-29', 120.00, 'Розсів', NULL),
(95, 48, 1, 36, 8, '2024-03-18', 150.00, 'Розсів', NULL),
(96, 48, 3, 37, 8, '2024-04-23', 100.00, 'Внесення в ґрунт', NULL),
(97, 49, 4, 41, 9, '2024-03-28', 250.00, 'Розсів', NULL),
(98, 49, 2, 42, 9, '2024-05-03', 200.00, 'Розсів', NULL),
(99, 50, 5, 46, 10, '2024-03-22', 120.00, 'Розсів', NULL),
(100, 50, 6, 47, 10, '2024-04-27', 180.00, 'Розсів', NULL);
GO