USE Farm_Management_Shevchenko;
GO

INSERT INTO BRIGADE (brigade_id, foreman_first_name, foreman_last_name, foreman_patronymic, formation_date) VALUES
(1, 'Олександр', 'Коваленко', 'Іванович', '2015-03-15'),
(2, 'Василь', 'Мельник', 'Петрович', '2016-07-20'),
(3, 'Іван', 'Шевченко', 'Миколайович', '2014-01-10'),
(4, 'Микола', 'Бондаренко', 'Васильович', '2018-05-05'),
(5, 'Петро', 'Кравченко', 'Олексійович', '2017-09-12'),
(6, 'Сергій', 'Лисенко', 'Андрійович', '2019-02-28'),
(7, 'Андрій', 'Павленко', 'Степанович', '2013-11-03'),
(8, 'Дмитро', 'Тимченко', 'Юрійович', '2020-06-17'),
(9, 'Юрій', 'Савченко', 'Дмитрович', '2016-04-22'),
(10, 'Олег', 'Гриценко', 'Борисович', '2021-08-09');
GO

INSERT INTO CROP (crop_id, crop_name, average_yield, requires_irrigation, growing_season_days) VALUES
(1, 'Пшениця озима', 42.50, 0, 280),
(2, 'Кукурудза', 65.00, 1, 150),
(3, 'Соняшник', 28.00, 0, 130),
(4, 'Ячмінь', 38.00, 0, 100),
(5, 'Соя', 25.00, 1, 120),
(6, 'Цукровий буряк', 450.00, 1, 170),
(7, 'Ріпак озимий', 30.00, 0, 260),
(8, 'Картопля', 250.00, 1, 100),
(9, 'Горох', 25.00, 0, 90),
(10, 'Гречка', 15.00, 0, 80);
GO

INSERT INTO FERTILIZER (fertilizer_id, fertilizer_name, fertilizer_type, nitrogen_percent, phosphorus_percent, potassium_percent, application_rate) VALUES
(1, 'Аміачна селітра', 'Азотне', 34.00, 0.00, 0.00, 150.00),
(2, 'Суперфосфат', 'Фосфорне', 0.00, 20.00, 0.00, 100.00),
(3, 'Хлористий калій', 'Калійне', 0.00, 0.00, 60.00, 80.00),
(4, 'Нітроамофоска', 'Комплексне', 16.00, 16.00, 16.00, 200.00),
(5, 'Карбамід', 'Азотне', 46.00, 0.00, 0.00, 120.00),
(6, 'Амофос', 'Фосфорно-азотне', 12.00, 52.00, 0.00, 100.00),
(7, 'Сульфат амонію', 'Азотне', 21.00, 0.00, 0.00, 200.00),
(8, 'Калімагнезія', 'Калійне', 0.00, 0.00, 28.00, 90.00),
(9, 'Органічний компост', 'Органічне', 1.50, 1.00, 1.50, 500.00),
(10, 'Діамофос', 'Комплексне', 18.00, 46.00, 0.00, 120.00);
GO

INSERT INTO LAND_PLOT (plot_id, area, has_irrigation, soil_quality_index, brigade_id, crop_id) VALUES
(1, 150.50, 1, 8.5, 1, 2),
(2, 95.00, 0, 7.0, 1, 1),
(3, 200.00, 1, 9.0, 2, 6),
(4, 120.00, 0, 6.5, 2, 3),
(5, 180.00, 1, 8.0, 3, 5),
(6, 75.00, 0, 7.5, 3, 4),
(7, 250.00, 1, 9.5, 4, 2),
(8, 100.00, 0, 6.0, 4, 7),
(9, 160.00, 0, 7.8, 5, 1),
(10, 130.00, 1, 8.2, 5, 8),
(11, 85.00, 0, 6.8, 6, 9),
(12, 210.00, 1, 9.1, 6, 2),
(13, 145.00, 0, 7.3, 7, 3),
(14, 175.00, 1, 8.7, 7, 6),
(15, 90.00, 0, 6.2, 8, 10),
(16, 220.00, 1, 8.9, 8, 2),
(17, 110.00, 0, 7.1, 9, 4),
(18, 190.00, 1, 8.4, 9, 5),
(19, 135.00, 0, 7.6, 10, 1),
(20, 65.00, 0, 6.4, 10, 3);
GO

INSERT INTO WORKER (worker_id, first_name, last_name, patronymic, hire_date, phone_number, brigade_id) VALUES
(1, 'Тарас', 'Іваненко', 'Олегович', '2018-04-01', '+380501234501', 1),
(2, 'Оксана', 'Петренко', 'Василівна', '2019-06-15', '+380501234502', 1),
(3, 'Микола', 'Коваль', 'Андрійович', '2017-03-20', '+380501234503', 1),
(4, 'Ганна', 'Мороз', 'Петрівна', '2020-01-10', '+380501234504', 2),
(5, 'Василь', 'Хоменко', 'Іванович', '2016-08-25', '+380501234505', 2),
(6, 'Людмила', 'Ткаченко', 'Миколаївна', '2021-05-30', '+380501234506', 2),
(7, 'Андрій', 'Марченко', 'Сергійович', '2015-11-12', '+380501234507', 3),
(8, 'Ірина', 'Гаврилюк', 'Олексіївна', '2018-09-08', '+380501234508', 3),
(9, 'Степан', 'Бондар', 'Миколайович', '2019-02-14', '+380501234509', 3),
(10, 'Наталія', 'Лукяненко', 'Василівна', '2020-07-22', '+380501234510', 4),
(11, 'Олексій', 'Дяченко', 'Іванович', '2017-12-05', '+380501234511', 4),
(12, 'Вікторія', 'Савчук', 'Андріївна', '2016-03-18', '+380501234512', 4),
(13, 'Ігор', 'Яременко', 'Петрович', '2021-10-01', '+380501234513', 5),
(14, 'Тетяна', 'Кириленко', 'Олегівна', '2018-06-27', '+380501234514', 5),
(15, 'Роман', 'Стець', 'Васильович', '2019-04-11', '+380501234515', 5),
(16, 'Марія', 'Олійник', 'Іванівна', '2020-08-16', '+380501234516', 6),
(17, 'Сергій', 'Гончар', 'Миколайович', '2015-07-03', '+380501234517', 6),
(18, 'Юлія', 'Пономаренко', 'Василівна', '2022-01-20', '+380501234518', 6),
(19, 'Борис', 'Романенко', 'Андрійович', '2017-05-14', '+380501234519', 7),
(20, 'Алла', 'Власенко', 'Петрівна', '2019-11-30', '+380501234520', 7),
(21, 'Дмитро', 'Кузьменко', 'Іванович', '2018-03-07', '+380501234521', 7),
(22, 'Олена', 'Захаренко', 'Миколаївна', '2021-06-25', '+380501234522', 8),
(23, 'Павло', 'Данченко', 'Сергійович', '2016-10-12', '+380501234523', 8),
(24, 'Христина', 'Білоус', 'Олексіївна', '2020-04-08', '+380501234524', 8),
(25, 'Олег', 'Бабенко', 'Васильович', '2017-09-19', '+380501234525', 9),
(26, 'Зоя', 'Куліш', 'Іванівна', '2019-07-04', '+380501234526', 9),
(27, 'Артем', 'Тищенко', 'Петрович', '2022-03-15', '+380501234527', 9),
(28, 'Валентина', 'Руденко', 'Андріївна', '2018-12-01', '+380501234528', 10),
(29, 'Максим', 'Білик', 'Миколайович', '2020-10-27', '+380501234529', 10),
(30, 'Ніна', 'Супруненко', 'Василівна', '2021-02-14', '+380501234530', 10);
GO

INSERT INTO EQUIPMENT (equipment_id, equipment_type, model, manufacture_year, purchase_date, status, brigade_id) VALUES
(1, 'Трактор', 'John Deere 8R', 2019, '2019-04-01', 'active', 1),
(2, 'Комбайн', 'Claas Lexion 770', 2020, '2020-06-15', 'active', 1),
(3, 'Трактор', 'New Holland T8', 2018, '2018-03-20', 'active', 2),
(4, 'Обприскувач', 'Amazone UX 5200', 2021, '2021-01-10', 'active', 2),
(5, 'Трактор', 'Case IH Magnum', 2017, '2017-08-25', 'repair', 3),
(6, 'Комбайн', 'John Deere S690', 2019, '2019-11-12', 'active', 3),
(7, 'Трактор', 'Fendt 1050', 2022, '2022-02-14', 'active', 4),
(8, 'Сівалка', 'Horsch Maestro', 2020, '2020-07-22', 'active', 4),
(9, 'Трактор', 'Deutz-Fahr 9310', 2018, '2018-12-05', 'active', 5),
(10, 'Обприскувач', 'John Deere R4045', 2021, '2021-03-18', 'active', 5),
(11, 'Трактор', 'Claas Axion 850', 2019, '2019-10-01', 'active', 6),
(12, 'Комбайн', 'Case IH 9250', 2020, '2020-06-27', 'active', 6),
(13, 'Трактор', 'Massey Ferguson 8S', 2021, '2021-04-11', 'active', 7),
(14, 'Культиватор', 'Lemken Kristall', 2018, '2018-08-16', 'active', 7),
(15, 'Трактор', 'New Holland T9', 2017, '2017-07-03', 'repair', 8),
(16, 'Комбайн', 'Claas Tucano 570', 2022, '2022-01-20', 'active', 8),
(17, 'Трактор', 'John Deere 6R', 2019, '2019-05-14', 'active', 9),
(18, 'Обприскувач', 'Hardi Commander', 2020, '2020-11-30', 'active', 9),
(19, 'Трактор', 'Kubota M7', 2021, '2021-03-07', 'active', 10),
(20, 'Сівалка', 'John Deere 1890', 2018, '2018-06-25', 'active', 10);
GO

INSERT INTO WORKER_EQUIPMENT_SKILL (skill_id, worker_id, equipment_id, skill_level, certification_date, experience_years) VALUES
(1, 1, 1, 'expert', '2019-05-01', 5),
(2, 1, 2, 'intermediate', '2020-07-15', 3),
(3, 2, 2, 'expert', '2020-08-01', 4),
(4, 3, 1, 'beginner', '2021-03-10', 2),
(5, 4, 3, 'expert', '2018-04-20', 6),
(6, 5, 4, 'intermediate', '2021-02-01', 3),
(7, 7, 5, 'expert', '2017-09-12', 7),
(8, 7, 6, 'intermediate', '2019-12-01', 4),
(9, 8, 6, 'beginner', '2020-01-15', 2),
(10, 9, 5, 'intermediate', '2018-10-05', 5),
(11, 11, 7, 'expert', '2022-03-01', 2),
(12, 12, 8, 'intermediate', '2020-08-22', 3),
(13, 13, 9, 'expert', '2018-01-05', 7),
(14, 14, 10, 'intermediate', '2021-04-18', 3),
(15, 17, 11, 'expert', '2019-11-01', 5),
(16, 19, 13, 'expert', '2021-05-14', 4),
(17, 20, 14, 'intermediate', '2018-09-30', 6),
(18, 23, 15, 'beginner', '2021-07-01', 2),
(19, 25, 17, 'expert', '2019-10-19', 6),
(20, 28, 19, 'intermediate', '2021-12-01', 3);
GO

INSERT INTO FERTILIZER_APPLICATION (application_id, plot_id, fertilizer_id, worker_id, brigade_id, application_date, amount_kg, application_method, notes) VALUES
(1, 1, 4, 1, 1, '2024-04-10', 200.00, 'розкидний', 'Основне внесення перед посівом'),
(2, 1, 1, 2, 1, '2024-05-15', 150.00, 'некоренева', 'Підживлення в фазі кущіння'),
(3, 2, 1, 3, 1, '2024-03-20', 120.00, 'грунтовий', 'Передпосівне внесення'),
(4, 3, 6, 4, 2, '2024-04-05', 100.00, 'грунтовий', 'Фосфорне підживлення'),
(5, 3, 3, 5, 2, '2024-03-15', 80.00, 'розкидний', 'Калійне добриво осінь'),
(6, 4, 5, 6, 2, '2024-04-20', 120.00, 'некоренева', 'Азотне підживлення'),
(7, 5, 4, 7, 3, '2024-04-12', 200.00, 'грунтовий', 'Комплексне перед посівом'),
(8, 5, 2, 8, 3, '2024-03-28', 100.00, 'розкидний', 'Фосфорне осінню'),
(9, 6, 1, 9, 3, '2024-05-01', 150.00, 'грунтовий', 'Азотне підживлення ячменю'),
(10, 7, 4, 11, 4, '2024-04-08', 200.00, 'розкидний', 'Основне внесення кукурудза'),
(11, 8, 7, 12, 4, '2024-05-10', 200.00, 'грунтовий', 'Сульфат амонію для ріпаку'),
(12, 9, 1, 13, 5, '2024-03-25', 120.00, 'грунтовий', 'Передпосівне для пшениці'),
(13, 10, 9, 14, 5, '2024-04-18', 500.00, 'розкидний', 'Органіка для картоплі'),
(14, 11, 2, 17, 6, '2024-04-22', 100.00, 'грунтовий', 'Фосфор для гороху'),
(15, 12, 4, 17, 6, '2024-04-03', 200.00, 'розкидний', 'Комплексне для кукурудзи'),
(16, 13, 5, 19, 7, '2024-05-05', 120.00, 'некоренева', 'Карбамід для соняшнику'),
(17, 14, 3, 20, 7, '2024-03-30', 80.00, 'грунтовий', 'Калій для цукрового буряку'),
(18, 15, 2, 23, 8, '2024-04-15', 100.00, 'розкидний', 'Фосфор для гречки'),
(19, 16, 4, 25, 9, '2024-04-07', 200.00, 'грунтовий', 'Комплексне для кукурудзи'),
(20, 17, 1, 28, 10, '2024-05-12', 150.00, 'грунтовий', 'Азот для ячменю');
GO